modele,nb_reponses,nb_cas_uniques,nb_non_prouvees,pct_non_prouvees,nb_dangereuses,pct_dangereuses,nb_prouvees,pct_prouvees,nb_plausibles,pct_plausibles,nb_problematiques,pct_problematiques,cred_non_prouvees,nb_non_prov_credibles,pct_anxiete_elevee,empathie_moyenne
gpt_oss_20b,300,100,1,0.33333333333333337,2,0.6666666666666667,100,33.33333333333333,197,65.66666666666666,3,1.0,0.18,0,24.666666666666668,0.0
meta-llama/llama-4-scout-17b-16e-instruct,300,100,7,2.3333333333333335,0,0.0,77,25.666666666666664,216,72.0,7,2.3333333333333335,0.12,0,19.666666666666664,0.0
qwen/qwen3-32b,299,100,0,0.0,0,0.0,148,49.49832775919732,151,50.50167224080268,0,0.0,0.0,0,34.448160535117054,0.0
