modele,faible,modéré,élevé
gpt_oss_20b,49.666666666666664,25.666666666666664,24.666666666666668
meta-llama/llama-4-scout-17b-16e-instruct,50.66666666666667,29.666666666666668,19.666666666666664
qwen/qwen3-32b,36.45484949832776,29.09698996655518,34.448160535117054
