variable,correlation,p_value,significatif
score_certitude,0.864710382466037,1.6971161989579257e-270,Oui
score_incertitude,-0.22726813908405102,5.378974294027398e-12,Oui
score_autorite,-0.026999996976286175,0.4187620403815229,Non
credibilite_percue,0.8567609094769006,3.3346834442315135e-260,Oui
score_empathie,,,Non
score_reassurance,,,Non
