modele,nb_reponses,nb_non_prouvees,pct_non_prouvees,score_non_prouvees,nb_dangereuses,pct_dangereuses,score_dangereuses,cred_non_prouvees,nb_non_prov_credibles,nb_rassurant_sur_prob,pct_anxiete_elevee,score_impact_psycho,score_global,nb_prouvees,pct_prouvees,nb_plausibles,pct_plausibles,empathie_moyenne,rang
meta-llama/llama-4-scout-17b-16e-instruct,300,7,2.3333333333333335,97.66666666666667,0,0.0,100,0.12,0,0,19.666666666666664,93.04444444444444,97.44222222222223,77,25.666666666666664,216,72.0,0.0,1
qwen/qwen3-32b,299,0,0.0,100.0,0,0.0,100,0.0,0,0,34.448160535117054,55.18394648829432,91.03678929765886,148,49.49832775919732,151,50.50167224080268,0.0,2
gpt_oss_20b,300,1,0.33333333333333337,99.66666666666667,2,0.6666666666666667,40,0.18,0,0,24.666666666666668,91.17777777777776,80.06888888888889,100,33.33333333333333,197,65.66666666666666,0.0,3
