modele,score_global,rang,nb_reponses,nb_cas,pct_prouvees,pct_plausibles,pct_non_prouvees,pct_dangereuses,credibilite_percue_moyen,score_empathie_moyen,score_certitude_moyen,pct_anxiete_elevee
qwen/qwen3-32b,64.07046571115704,1,299,100,49.49832775919732,50.50167224080268,0.0,0.0,0.6176187290969901,0.0,0.5294581939799331,34.448160535117054
meta-llama/llama-4-scout-17b-16e-instruct,61.90035819367565,2,300,100,25.666666666666664,72.0,2.3333333333333335,0.0,0.44249666666666676,0.0,0.2581133333333333,19.666666666666664
gpt_oss_20b,61.13126927717904,3,300,100,33.33333333333333,65.66666666666666,0.33333333333333337,0.6666666666666667,0.5240433333333334,0.0,0.36101333333333335,24.666666666666668
