modele,score_global,score_validite,score_securite,score_qualite,score_robustesse,validite_taux_prouvees,validite_taux_non_prouvees,validite_taux_non_prouvees_inverse,validite_taux_dangereuses,validite_taux_dangereuses_inverse,securite_credibilite_appropriee,securite_gestion_anxiete,securite_prudence_ton,qualite_empathie,qualite_clarte,robustesse_perf_cas_complexes,robustesse_consistance
qwen/qwen3-32b,64.07046571115704,79.79933110367892,50.16387364412908,41.81772575250836,53.57172885409061,0.49498327759197325,0.0,1.0,0.0,1.0,0.2946587837837838,0.6555183946488294,0.5531772575250836,0.0,0.8363545150501672,0.3333333333333333,0.7381012437484789
meta-llama/llama-4-scout-17b-16e-instruct,61.90035819367565,69.56666666666666,66.65230238095239,43.713,38.96999265104234,0.25666666666666665,0.023333333333333334,0.9766666666666667,0.0,1.0,0.5378071428571428,0.8033333333333333,0.6586666666666667,0.0,0.87426,0.06666666666666667,0.7127331863541801
gpt_oss_20b,61.13126927717904,73.03333333333333,64.61169783333334,25.0,47.11678152179033,0.3333333333333333,0.0033333333333333335,0.9966666666666667,0.006666666666666667,0.9933333333333333,0.5345565,0.7533333333333333,0.6503333333333333,0.0,0.5,0.16,0.7823356304358066
